"url","created_on","category","done"
"https://www.awsadvent.com/2016/12/06/just-add-code-fun-with-terraform-modules-and-aws/","2017-06-11T00:36:13.696Z","tutorial","false"
"https://labs.kollegorna.se/blog/2017/06/service-worker-gotchas/","2017-06-26T20:59:05.563Z","javascript","false"
"https://github.com/tockins/realize","2017-06-26T21:07:51.453Z","github","false"
"https://dev.to/klnusbaum/why-im-so-frustrated-withgo","2017-06-26T21:17:44.305Z","coding","false"
"https://github.com/ecrmnn/collect.js","2017-06-26T21:23:55.573Z","javascript","false"
"http://www.react-flight.io/","2017-06-26T21:25:31.407Z","javascript","false"
"https://github.com/transceptor-technology/siridb-server","2017-06-26T21:27:14.306Z","coding","false"
"http://www.thegeekstuff.com/2017/06/git-branch/","2017-06-26T21:39:58.684Z","coding","false"
"https://www.sitepoint.com/web-animation-tutorial-part-1/","2017-06-29T06:26:21.304Z","javascript","false"
"https://www.sitepoint.com/switching-from-react-to-cycle-js/","2017-06-29T06:26:27.820Z","javascript","false"
"https://medium.com/@Zadvorsky/into-vertex-shaders-594e6d8cd804","2017-06-29T21:11:27.396Z","javascript","false"
"https://www.codementor.io/radubrehar/thinking-in-react-8duata34n","2017-06-29T21:11:43.745Z","javascript","true"
"https://hackernoon.com/machine-learning-with-javascript-part-1-9b97f3ed4fe5","2017-06-29T21:11:50.039Z","javascript","false"
"https://gokit.io/examples/stringsvc.html","2017-06-29T21:12:36.781Z","coding","false"
"https://www.codementor.io/vijayst/using-firebase-with-redux-for-building-a-react-app-du1086puw","2017-06-29T21:13:37.852Z","javascript","false"
"https://medium.freecodecamp.org/node-js-streams-everything-you-need-to-know-c9141306be93","2017-06-29T21:14:45.688Z","javascript","false"
"https://hacks.mozilla.org/2017/06/introducing-filterbubbler-a-webextension-built-using-reactredux/","2017-06-29T21:15:04.004Z","javascript","false"
"https://hackernoon.com/build-a-serverless-twilio-sms-call-forwarding-bot-in-7-minutes-using-node-js-stdlib-411697c3cc1b","2017-06-29T21:15:25.363Z","javascript","false"
"https://www.sitepoint.com/redux-vs-mobx-which-is-best/","2017-06-29T21:15:34.824Z","javascript","false"
"https://www.sitepoint.com/browser-notification-api/","2017-06-29T21:16:11.984Z","javascript","false"
"https://medium.freecodecamp.org/a-gentle-introduction-to-data-structures-how-graphs-work-a223d9ef8837","2017-06-29T21:16:37.470Z","javascript","false"
"https://www.opsdash.com/blog/golang-app-monitoring-statsd-expvar-prometheus.html","2017-06-30T14:22:08.632Z","coding","false"
"http://idiomaticgo.com/post/best-practice/accept-interfaces-return-structs/","2017-06-30T14:22:52.379Z","coding","false"
"https://arschles.svbtle.com/why-tech-startups-should-look-at-go-ii","2017-06-30T14:30:51.827Z","coding","false"
"https://github.com/anywhichway/blockstore","2017-06-30T14:55:35.453Z","github","false"
"https://medium.com/slack-developer-blog/building-a-sentiment-analysis-bot-with-ibm-watson-and-raspberry-pi-eeb399bb8803","2017-06-30T16:48:04.648Z","coding","false"
"https://auth0.com/blog/build-a-chat-app-with-react/","2017-06-30T23:26:27.578Z","javascript","true"
"https://redom.js.org/documentation/","2017-06-30T23:38:18.812Z","javascript","false"
"https://github.com/lukeed/taskr","2017-06-30T23:42:07.183Z","github","false"
"https://github.com/volatiletech/abcweb","2017-07-01T01:19:19.556Z","github","false"
"https://github.com/chewxy/gorgonia","2017-07-01T17:31:42.320Z","github","false"
"https://github.com/karan/vocabulary","2017-07-01T17:31:48.842Z","github","false"
"https://golangbot.com/interfaces-part-2/","2017-07-01T17:32:27.983Z","coding","false"
"https://github.com/json-iterator/go","2017-07-01T17:33:21.781Z","github","false"
"https://www.zupzup.org/static-blog-generator-go/index.html","2017-07-01T17:33:44.781Z","coding","true"
"https://dave.cheney.net/2017/06/11/go-without-package-scoped-variables","2017-07-01T17:34:11.300Z","coding","false"
"https://github.com/octohedron/gauth","2017-07-01T17:37:17.528Z","github","false"
"https://semaphoreci.com/community/tutorials/building-and-testing-a-rest-api-in-go-with-gorilla-mux-and-postgresql","2017-07-02T00:26:34.107Z","coding","false"
"https://github.com/nytimes/gizmo","2017-07-02T01:02:54.531Z","github","false"
"https://astaxie.gitbooks.io/build-web-application-with-golang/content/en/07.2.html","2017-07-02T01:15:34.950Z","coding","false"
"https://www.robinwieruch.de/redux-mobx-confusion/","2017-07-02T01:16:18.531Z","javascript","false"
"https://medium.com/@PurdonKyle/building-a-unit-testable-api-in-golang-b42ff1fcbae7","2017-07-02T01:24:01.563Z","coding","false"
"https://btrfs.wiki.kernel.org/index.php/Using_Btrfs_with_Multiple_Devices","2017-07-02T01:40:28.552Z","tutorial","false"
"https://medium.com/@jmarhee/building-an-object-storage-service-ecd771d91483","2017-07-02T01:57:22.441Z","tutorial","false"
"https://github.com/ryanbressler/CloudForest","2017-07-02T02:28:47.858Z","github","false"
"https://github.com/gdm85/grpc-go-multiplex","2017-07-02T03:29:15.349Z","github","false"
"http://www.grpc.io/docs/quickstart/go.html","2017-07-02T03:38:01.420Z","tutorial","false"
"https://github.com/azu/immutable-array-prototype","2017-07-02T18:21:47.662Z","github","false"
"https://github.com/jaredpalmer/formik","2017-07-03T03:14:09.951Z","github","false"
"https://github.com/zero-plus-x/neoform","2017-07-03T15:04:18.751Z","github","false"
"https://github.com/VividCortex/pm","2017-07-04T10:49:00.727Z","github","false"
"https://github.com/Jimmy02020/aleppo","2017-07-04T11:00:45.586Z","github","false"
"https://github.com/yhat/scrape","2017-07-04T18:12:43.710Z","github","false"
"https://blog.gopheracademy.com/advent-2016/http-client/","2017-07-05T16:08:14.247Z","coding","false"
"https://blog.gopheracademy.com/advent-2015/vendor-folder/","2017-07-05T16:09:14.738Z","coding","false"
"https://blog.gopheracademy.com/advent-2016/some-tools-for-go-that-you-might-not-know-yet/","2017-07-05T16:09:31.244Z","coding","false"
"https://blog.gopheracademy.com/advent-2015/glow-map-reduce-for-golang/","2017-07-05T16:09:38.186Z","coding","false"
"https://blog.gopheracademy.com/advent-2016/advanced-encoding-decoding/","2017-07-05T16:09:43.801Z","coding","false"
"https://blog.gopheracademy.com/advent-2016/machine-learning-google-prediction-api/","2017-07-05T16:09:48.566Z","coding","false"
